Protein hits,--------------------------------------------------------,,,,,,,,,,,,,,,
,,,,,,,,,,,,,,,,
prot_hit_num,prot_acc,pep_query,pep_rank,pep_isbold,pep_isunique,pep_exp_mz,pep_exp_z,pep_calc_mr,pep_delta,pep_start,pep_end,pep_score,pep_res_before,pep_seq,pep_res_after,pep_scan_title
1,NLGT,581,1,1,1,520.2807,1,519.2727,0.0007,130,134,31.09,A,SVVCL,L,File:06262014-Fab-MSMS-1.mzXML Scans:801 RT:4.6696min Charge:1+ Fragmentation:cid
1,NLGT,725,1,1,1,316.1822,2,630.3489,0.0009,143,147,36.99,E,AKVQW,K,File:06262014-Fab-MSMS-1.mzXML Scans:696 RT:4.1843min Charge:2+ Fragmentation:cid
1,NLGT,743,1,1,1,649.3511,1,648.3443,-0.0004,125,131,25.11,L,KSGTASV,V,File:06262014-Fab-MSMS-1.mzXML Scans:269 RT:2.0303min Charge:1+ Fragmentation:cid
1,NLGT,744,1,1,1,325.1794,2,648.3443,0,125,131,37.39,L,KSGTASV,V,File:06262014-Fab-MSMS-1.mzXML Scans:273 RT:2.0615min Charge:2+ Fragmentation:cid
1,NLGT,749,1,1,1,657.31,1,656.3017,0.001,172,177,28.96,T,YSLSST,L,File:06262014-Fab-MSMS-1.mzXML Scans:542 RT:3.5059min Charge:1+ Fragmentation:cid
1,NLGT,760,1,1,1,675.3347,1,674.3275,-0.0001,116,121,37.73,F,IFPPSD,E,File:06262014-Fab-MSMS-1.mzXML Scans:528 RT:3.4420min Charge:1+ Fragmentation:cid
1,NLGT,788,1,1,1,363.1559,2,724.2962,0.001,208,213,20.6,S,FNRGEC,X,File:06262014-Fab-MSMS-1.mzXML Scans:412 RT:2.8521min Charge:2+ Fragmentation:cid
1,NLGT,792,1,1,1,733.3735,1,732.3654,0.0008,5,11,21.07,M,TQSPSTL,S,File:06262014-Fab-MSMS-1.mzXML Scans:490 RT:3.2294min Charge:1+ Fragmentation:cid
1,NLGT,838,1,1,1,804.377,1,803.3701,-0.0004,116,122,34.84,F,IFPPSDE,Q,File:06262014-Fab-MSMS-1.mzXML Scans:694 RT:4.1646min Charge:1+ Fragmentation:cid
1,NLGT,839,1,1,1,804.3776,1,803.3701,0.0002,116,122,36.83,F,IFPPSDE,Q,File:06262014-Fab-MSMS-1.mzXML Scans:563 RT:3.5882min Charge:1+ Fragmentation:cid
1,NLGT,856,1,1,1,822.402,1,821.396,-0.0012,115,121,32.44,V,FIFPPSD,E,File:06262014-Fab-MSMS-1.mzXML Scans:850 RT:4.9218min Charge:1+ Fragmentation:cid
1,NLGT,857,1,1,1,822.4026,1,821.396,-0.0006,115,121,21.18,V,FIFPPSD,E,File:06262014-Fab-MSMS-1.mzXML Scans:910 RT:5.2294min Charge:1+ Fragmentation:cid
1,NLGT,858,1,1,1,822.4171,1,821.4106,-0.0007,132,138,31.88,V,VCLLNNF,Y,File:06262014-Fab-MSMS-1.mzXML Scans:1089 RT:6.2553min Charge:1+ Fragmentation:cid
1,NLGT,902,1,1,1,445.7508,2,889.4869,0.0002,123,131,34.41,E,QLKSGTASV,V,File:06262014-Fab-MSMS-1.mzXML Scans:389 RT:2.7460min Charge:2+ Fragmentation:cid
1,NLGT,903,1,1,1,890.4946,1,889.4869,0.0004,123,131,27.55,E,QLKSGTASV,V,File:06262014-Fab-MSMS-1.mzXML Scans:391 RT:2.7506min Charge:1+ Fragmentation:cid
1,NLGT,928,1,1,1,470.7189,2,939.4232,0,206,213,28.3,T,KSFNRGEC,X,File:06262014-Fab-MSMS-1.mzXML Scans:360 RT:2.5987min Charge:2+ Fragmentation:cid
1,NLGT,934,1,1,1,951.4445,1,950.4386,-0.0013,115,122,36.45,V,FIFPPSDE,Q,File:06262014-Fab-MSMS-1.mzXML Scans:872 RT:5.0290min Charge:1+ Fragmentation:cid
1,NLGT,936,1,1,1,476.7713,2,951.5277,0.0004,46,53,31.54,L,LIYDTSKL,A,File:06262014-Fab-MSMS-1.mzXML Scans:733 RT:4.3517min Charge:2+ Fragmentation:cid
1,NLGT,938,1,1,1,482.7604,2,963.5059,0.0003,125,134,26.91,L,KSGTASVVCL,L,File:06262014-Fab-MSMS-1.mzXML Scans:735 RT:4.3563min Charge:2+ Fragmentation:cid
1,NLGT,943,1,1,1,984.5248,1,983.5175,0,172,180,24.65,T,YSLSSTLTL,S,File:06262014-Fab-MSMS-1.mzXML Scans:1027 RT:5.9026min Charge:1+ Fragmentation:cid
1,NLGT,952,1,1,1,510.2717,2,1018.5295,-0.0006,122,131,46.4,D,EQLKSGTASV,V,File:06262014-Fab-MSMS-1.mzXML Scans:418 RT:2.8811min Charge:2+ Fragmentation:cid
1,NLGT,953,1,1,1,1019.5376,1,1018.5295,0.0008,122,131,36.08,D,EQLKSGTASV,V,File:06262014-Fab-MSMS-1.mzXML Scans:426 RT:2.9244min Charge:1+ Fragmentation:cid
1,NLGT,963,1,1,1,523.264,2,1044.5128,0.0007,116,124,34.36,F,IFPPSDEQL,K,File:06262014-Fab-MSMS-1.mzXML Scans:826 RT:4.7918min Charge:2+ Fragmentation:cid
1,NLGT,964,1,1,1,523.2641,2,1044.5128,0.0009,116,124,41.92,F,IFPPSDEQL,K,File:06262014-Fab-MSMS-1.mzXML Scans:768 RT:4.5032min Charge:2+ Fragmentation:cid
1,NLGT,965,1,1,1,1045.521,1,1044.5128,0.001,116,124,22.5,F,IFPPSDEQL,K,File:06262014-Fab-MSMS-1.mzXML Scans:885 RT:5.0984min Charge:1+ Fragmentation:cid
1,NLGT,966,1,1,1,1045.5215,1,1044.5128,0.0015,116,124,28.59,F,IFPPSDEQL,K,File:06262014-Fab-MSMS-1.mzXML Scans:827 RT:4.7954min Charge:1+ Fragmentation:cid
1,NLGT,967,1,1,1,1045.5219,1,1044.5128,0.0019,116,124,26.04,F,IFPPSDEQL,K,File:06262014-Fab-MSMS-1.mzXML Scans:771 RT:4.5101min Charge:1+ Fragmentation:cid
1,NLGT,971,1,1,1,1052.5153,1,1051.5087,-0.0006,135,142,24.21,L,LNNFYPRE,A,File:06262014-Fab-MSMS-1.mzXML Scans:664 RT:4.0245min Charge:1+ Fragmentation:cid
1,NLGT,972,1,1,1,526.7618,2,1051.5087,0.0004,135,142,42.24,L,LNNFYPRE,A,File:06262014-Fab-MSMS-1.mzXML Scans:649 RT:3.9611min Charge:2+ Fragmentation:cid
1,NLGT,1009,1,1,1,374.8431,3,1121.5076,-0.0002,26,34,20.72,A,SSRVGYMHW,Y,File:06262014-Fab-MSMS-1.mzXML Scans:833 RT:4.8281min Charge:3+ Fragmentation:cid
1,NLGT,1011,1,1,1,563.2986,2,1124.5826,0,195,205,63.55,E,VTHQGLSSPVT,K,File:06262014-Fab-MSMS-1.mzXML Scans:493 RT:3.2528min Charge:2+ Fragmentation:cid
1,NLGT,1031,1,1,1,583.3038,2,1164.5927,0.0003,134,142,48.04,C,LLNNFYPRE,A,File:06262014-Fab-MSMS-1.mzXML Scans:811 RT:4.7139min Charge:2+ Fragmentation:cid
1,NLGT,1049,1,1,1,596.7975,2,1191.5812,-0.0007,115,124,44.15,V,FIFPPSDEQL,K,File:06262014-Fab-MSMS-1.mzXML Scans:1028 RT:5.9062min Charge:2+ Fragmentation:cid
1,NLGT,1050,1,1,1,1192.5887,1,1191.5812,0.0002,115,124,23.58,V,FIFPPSDEQL,K,File:06262014-Fab-MSMS-1.mzXML Scans:1026 RT:5.8993min Charge:1+ Fragmentation:cid
1,NLGT,1056,1,1,1,598.7675,2,1195.5204,0,161,171,50.03,E,SVTEQDSKDST,Y,File:06262014-Fab-MSMS-1.mzXML Scans:276 RT:2.0924min Charge:2+ Fragmentation:cid
1,NLGT,1057,1,1,1,1196.5281,1,1195.5204,0.0004,161,171,54.7,E,SVTEQDSKDST,Y,File:06262014-Fab-MSMS-1.mzXML Scans:278 RT:2.0966min Charge:1+ Fragmentation:cid
1,NLGT,1088,1,1,1,619.3028,2,1236.5921,-0.0011,203,213,24.42,S,PVTKSFNRGEC,X,File:06262014-Fab-MSMS-1.mzXML Scans:568 RT:3.6007min Charge:2+ Fragmentation:cid
1,NLGT,1101,1,1,1,636.3593,2,1270.7034,0.0007,143,153,63.44,E,AKVQWKVDNAL,Q,File:06262014-Fab-MSMS-1.mzXML Scans:739 RT:4.3785min Charge:2+ Fragmentation:cid
1,NLGT,1105,1,1,1,645.7889,2,1289.5623,0.0009,166,177,61.43,Q,DSKDSTYSLSST,L,File:06262014-Fab-MSMS-1.mzXML Scans:539 RT:3.4839min Charge:2+ Fragmentation:cid
1,NLGT,1119,1,1,1,663.2881,2,1324.563,-0.0014,160,171,50.85,Q,ESVTEQDSKDST,Y,File:06262014-Fab-MSMS-1.mzXML Scans:321 RT:2.3698min Charge:2+ Fragmentation:cid
1,NLGT,1124,1,1,1,447.5774,3,1339.7096,0.0008,195,207,35.02,E,VTHQGLSSPVTKS,F,File:06262014-Fab-MSMS-1.mzXML Scans:413 RT:2.8546min Charge:3+ Fragmentation:cid
1,NLGT,1129,1,1,1,680.2988,2,1358.5838,-0.0007,161,172,56.5,E,SVTEQDSKDSTY,S,File:06262014-Fab-MSMS-1.mzXML Scans:433 RT:2.9640min Charge:2+ Fragmentation:cid
1,NLGT,1132,1,1,1,684.3422,2,1366.6703,-0.0005,132,142,61.47,V,VCLLNNFYPRE,A,File:06262014-Fab-MSMS-1.mzXML Scans:1033 RT:5.9347min Charge:2+ Fragmentation:cid
1,NLGT,1134,1,1,1,456.5699,3,1366.6881,-0.0002,181,191,26.01,L,SKADYEKHKVY,A,File:06262014-Fab-MSMS-1.mzXML Scans:363 RT:2.6075min Charge:3+ Fragmentation:cid
1,NLGT,1152,1,1,1,706.3349,2,1410.6562,-0.0009,201,213,31.79,L,SSPVTKSFNRGEC,X,File:06262014-Fab-MSMS-1.mzXML Scans:578 RT:3.6487min Charge:2+ Fragmentation:cid
1,NLGT,1169,1,1,1,733.8766,2,1465.7388,-0.0001,131,142,53.93,S,VVCLLNNFYPRE,A,File:06262014-Fab-MSMS-1.mzXML Scans:1111 RT:6.3978min Charge:2+ Fragmentation:cid
1,NLGT,1174,1,1,1,741.8444,2,1481.6747,-0.0004,54,69,85.9,L,ASGVPSRFSGSGSGTE,F,File:06262014-Fab-MSMS-1.mzXML Scans:500 RT:3.2913min Charge:2+ Fragmentation:cid
1,NLGT,1175,1,1,1,745.381,2,1488.746,0.0014,116,129,31.9,F,IFPPSDEQLKSGTA,S,File:06262014-Fab-MSMS-1.mzXML Scans:614 RT:3.8062min Charge:2+ Fragmentation:cid
1,NLGT,1191,1,1,1,780.3576,2,1558.6999,0.0008,161,174,58.4,E,SVTEQDSKDSTYSL,S,File:06262014-Fab-MSMS-1.mzXML Scans:648 RT:3.9588min Charge:2+ Fragmentation:cid
1,NLGT,1206,1,1,1,815.3801,2,1628.7431,0.0026,54,70,67.89,L,ASGVPSRFSGSGSGTEF,T,File:06262014-Fab-MSMS-1.mzXML Scans:710 RT:4.2493min Charge:2+ Fragmentation:cid
1,NLGT,1213,1,1,1,555.6224,3,1663.847,-0.0017,135,147,25.46,L,LNNFYPREAKVQW,K,File:06262014-Fab-MSMS-1.mzXML Scans:871 RT:5.0268min Charge:3+ Fragmentation:cid
1,NLGT,1214,1,1,1,835.8949,2,1669.777,-0.0017,181,194,81.09,L,SKADYEKHKVYACE,V,File:06262014-Fab-MSMS-1.mzXML Scans:419 RT:2.8843min Charge:2+ Fragmentation:cid
1,NLGT,1215,1,1,1,557.5992,3,1669.777,-0.0012,181,194,31.95,L,SKADYEKHKVYACE,V,File:06262014-Fab-MSMS-1.mzXML Scans:416 RT:2.8756min Charge:3+ Fragmentation:cid
1,NLGT,1219,1,1,1,838.4315,2,1674.8465,0.002,116,131,55.75,F,IFPPSDEQLKSGTASV,V,File:06262014-Fab-MSMS-1.mzXML Scans:668 RT:4.0479min Charge:2+ Fragmentation:cid
1,NLGT,1232,1,1,1,585.9633,3,1754.8661,0.002,179,193,27.41,L,TLSKADYEKHKVYAC,E,File:06262014-Fab-MSMS-1.mzXML Scans:477 RT:3.1728min Charge:3+ Fragmentation:cid
1,NLGT,1239,1,1,1,595.295,3,1782.861,0.0021,180,194,39.52,T,LSKADYEKHKVYACE,V,File:06262014-Fab-MSMS-1.mzXML Scans:484 RT:3.2016min Charge:3+ Fragmentation:cid
1,NLGT,1244,1,1,1,911.9646,2,1821.9149,-0.0002,115,131,47.25,V,FIFPPSDEQLKSGTASV,V,File:06262014-Fab-MSMS-1.mzXML Scans:866 RT:4.9997min Charge:2+ Fragmentation:cid
1,NLGT,1245,1,1,1,917.9137,2,1833.8116,0.0012,161,177,82.68,E,SVTEQDSKDSTYSLSST,L,File:06262014-Fab-MSMS-1.mzXML Scans:556 RT:3.5599min Charge:2+ Fragmentation:cid
1,NLGT,1257,1,1,1,942.963,2,1883.9087,0.0027,179,194,77.92,L,TLSKADYEKHKVYACE,V,File:06262014-Fab-MSMS-1.mzXML Scans:483 RT:3.1988min Charge:2+ Fragmentation:cid
1,NLGT,1268,1,1,1,974.4543,2,1946.8957,-0.0016,161,178,70.4,E,SVTEQDSKDSTYSLSSTL,T,File:06262014-Fab-MSMS-1.mzXML Scans:761 RT:4.4720min Charge:2+ Fragmentation:cid
1,NLGT,1277,1,1,1,666.671,3,1996.9928,-0.0016,178,194,68.17,T,LTLSKADYEKHKVYACE,V,File:06262014-Fab-MSMS-1.mzXML Scans:549 RT:3.5335min Charge:3+ Fragmentation:cid
1,NLGT,1279,1,1,1,999.5043,2,1996.9928,0.0013,178,194,61.43,T,LTLSKADYEKHKVYACE,V,File:06262014-Fab-MSMS-1.mzXML Scans:565 RT:3.5928min Charge:2+ Fragmentation:cid
1,NLGT,1280,1,1,1,500.2563,4,1996.9928,0.0033,178,194,21.62,T,LTLSKADYEKHKVYACE,V,File:06262014-Fab-MSMS-1.mzXML Scans:547 RT:3.5168min Charge:4+ Fragmentation:cid
1,NLGT,1281,1,1,1,1001.504,2,2000.9915,0.0019,143,160,91.93,E,AKVQWKVDNALQSGNSQE,S,File:06262014-Fab-MSMS-1.mzXML Scans:650 RT:3.9632min Charge:2+ Fragmentation:cid
1,NLGT,1286,1,1,1,683.0054,3,2045.9953,-0.0009,195,213,47.47,E,VTHQGLSSPVTKSFNRGEC,X,File:06262014-Fab-MSMS-1.mzXML Scans:561 RT:3.5710min Charge:3+ Fragmentation:cid
1,NLGT,1287,1,1,1,1024.0048,2,2045.9953,-0.0002,195,213,77.03,E,VTHQGLSSPVTKSFNRGEC,X,File:06262014-Fab-MSMS-1.mzXML Scans:566 RT:3.5954min Charge:2+ Fragmentation:cid
1,NLGT,1288,1,1,1,512.5063,4,2045.9953,0.0008,195,213,26.83,E,VTHQGLSSPVTKSFNRGEC,X,File:06262014-Fab-MSMS-1.mzXML Scans:605 RT:3.7674min Charge:4+ Fragmentation:cid
1,NLGT,1289,1,1,1,512.5066,4,2045.9953,0.002,195,213,29.13,E,VTHQGLSSPVTKSFNRGEC,X,File:06262014-Fab-MSMS-1.mzXML Scans:546 RT:3.5140min Charge:4+ Fragmentation:cid
1,NLGT,1296,1,1,1,726.0192,3,2175.0379,-0.0021,194,213,42.88,C,EVTHQGLSSPVTKSFNRGEC,X,File:06262014-Fab-MSMS-1.mzXML Scans:595 RT:3.7117min Charge:3+ Fragmentation:cid
1,NLGT,1308,1,1,1,849.7581,3,2546.2513,0.0011,139,160,34.18,F,YPREAKVQWKVDNALQSGNSQE,S,File:06262014-Fab-MSMS-1.mzXML Scans:670 RT:4.0530min Charge:3+ Fragmentation:cid
1,NLGT,1309,1,1,1,856.395,3,2566.1631,0.0001,148,171,62.52,W,KVDNALQSGNSQESVTEQDSKDST,Y,File:06262014-Fab-MSMS-1.mzXML Scans:452 RT:3.0556min Charge:3+ Fragmentation:cid
1,NLGT,1310,1,1,1,1284.0892,2,2566.1631,0.0008,148,171,83.28,W,KVDNALQSGNSQESVTEQDSKDST,Y,File:06262014-Fab-MSMS-1.mzXML Scans:462 RT:3.1002min Charge:2+ Fragmentation:cid
1,NLGT,1329,1,1,1,1012.5038,3,3034.4897,-0.0001,135,160,64.79,L,LNNFYPREAKVQWKVDNALQSGNSQE,S,File:06262014-Fab-MSMS-1.mzXML Scans:755 RT:4.4443min Charge:3+ Fragmentation:cid
1,NLGT,1353,1,1,1,740.5595,5,3697.7617,-0.0006,181,213,29.62,L,SKADYEKHKVYACEVTHQGLSSPVTKSFNRGEC,X,File:06262014-Fab-MSMS-1.mzXML Scans:598 RT:3.7315min Charge:5+ Fragmentation:cid
1,NLGT,1359,1,1,1,783.3868,5,3911.8934,0.0042,179,213,23.95,L,TLSKADYEKHKVYACEVTHQGLSSPVTKSFNRGEC,X,File:06262014-Fab-MSMS-1.mzXML Scans:616 RT:3.8122min Charge:5+ Fragmentation:cid
2,NHVY,514,1,1,1,491.2462,1,490.2387,0.0002,178,182,29.06,L,QSSGL,Y,File:06262014-Fab-MSMS-1.mzXML Scans:398 RT:2.7899min Charge:1+ Fragmentation:cid
2,NHVY,696,1,1,1,584.2743,1,583.2676,-0.0006,20,24,20.31,T,LTCTF,S,File:06262014-Fab-MSMS-1.mzXML Scans:875 RT:5.0395min Charge:1+ Fragmentation:cid
2,NHVY,728,1,1,1,633.2885,1,632.2806,0.0006,48,52,22.93,L,EWLAD,I,File:06262014-Fab-MSMS-1.mzXML Scans:810 RT:4.7101min Charge:1+ Fragmentation:cid
2,NHVY,747,1,1,1,655.33,1,654.3224,0.0003,183,188,34.71,L,YSLSSV,V,File:06262014-Fab-MSMS-1.mzXML Scans:724 RT:4.3202min Charge:1+ Fragmentation:cid
2,NHVY,758,1,1,1,671.3218,1,670.3149,-0.0003,101,105,20.58,D,MIFNF,Y,File:06262014-Fab-MSMS-1.mzXML Scans:1235 RT:7.2715min Charge:1+ Fragmentation:cid
2,NHVY,786,1,1,1,720.3312,1,719.3239,0.0001,159,165,21.78,T,VSWNSGA,L,File:06262014-Fab-MSMS-1.mzXML Scans:641 RT:3.9272min Charge:1+ Fragmentation:cid
2,NHVY,789,1,1,1,365.1981,2,728.3817,0,5,11,30.89,L,RESGPAL,V,File:06262014-Fab-MSMS-1.mzXML Scans:509 RT:3.3432min Charge:2+ Fragmentation:cid
2,NHVY,798,1,1,1,746.3718,1,745.3646,-0.0001,47,52,21.69,A,LEWLAD,I,File:06262014-Fab-MSMS-1.mzXML Scans:1016 RT:5.8337min Charge:1+ Fragmentation:cid
2,NHVY,819,1,1,1,784.4343,1,783.4279,-0.0009,171,177,28.07,V,HTFPAVL,Q,File:06262014-Fab-MSMS-1.mzXML Scans:834 RT:4.8312min Charge:1+ Fragmentation:cid
2,NHVY,828,1,1,1,789.4357,1,788.428,0.0004,189,196,23.08,V,VTVPSSSL,G,File:06262014-Fab-MSMS-1.mzXML Scans:621 RT:3.8390min Charge:1+ Fragmentation:cid
2,NHVY,900,1,1,1,888.5029,1,887.4964,-0.0008,188,196,32.06,S,VVTVPSSSL,G,File:06262014-Fab-MSMS-1.mzXML Scans:661 RT:4.0175min Charge:1+ Fragmentation:cid
2,NHVY,901,1,1,1,444.7556,2,887.4964,0.0002,188,196,25.48,S,VVTVPSSSL,G,File:06262014-Fab-MSMS-1.mzXML Scans:677 RT:4.0840min Charge:2+ Fragmentation:cid
2,NHVY,1000,1,1,1,370.2207,3,1107.64,0.0003,39,48,28.49,W,IRQPPGKALE,W,File:06262014-Fab-MSMS-1.mzXML Scans:395 RT:2.7799min Charge:3+ Fragmentation:cid
2,NHVY,1013,1,1,1,564.8058,2,1127.5975,-0.0005,167,177,41.01,L,TSGVHTFPAVL,Q,File:06262014-Fab-MSMS-1.mzXML Scans:934 RT:5.3785min Charge:2+ Fragmentation:cid
2,NHVY,1014,1,1,1,564.8059,2,1127.5975,-0.0003,167,177,41.17,L,TSGVHTFPAVL,Q,File:06262014-Fab-MSMS-1.mzXML Scans:889 RT:5.1127min Charge:2+ Fragmentation:cid
2,NHVY,1032,1,1,1,389.2332,3,1164.6767,0.001,38,47,21.37,G,WIRQPPGKAL,E,File:06262014-Fab-MSMS-1.mzXML Scans:610 RT:3.7829min Charge:3+ Fragmentation:cid
2,NHVY,1037,1,1,1,1176.6107,1,1175.6034,0,189,200,31.97,V,VTVPSSSLGTQT,Y,File:06262014-Fab-MSMS-1.mzXML Scans:550 RT:3.5357min Charge:1+ Fragmentation:cid
2,NHVY,1038,1,1,1,588.8099,2,1175.6034,0.0018,189,200,75.8,V,VTVPSSSLGTQT,Y,File:06262014-Fab-MSMS-1.mzXML Scans:543 RT:3.5076min Charge:2+ Fragmentation:cid
2,NHVY,1041,1,1,1,589.2959,2,1176.5775,-0.0003,159,170,58.65,T,VSWNSGALTSGV,H,File:06262014-Fab-MSMS-1.mzXML Scans:881 RT:5.0738min Charge:2+ Fragmentation:cid
2,NHVY,1042,1,1,1,1177.5858,1,1176.5775,0.001,159,170,29.73,T,VSWNSGALTSGV,H,File:06262014-Fab-MSMS-1.mzXML Scans:880 RT:5.0698min Charge:1+ Fragmentation:cid
2,NHVY,1043,1,1,1,591.2593,2,1180.5045,-0.0005,95,103,27.03,T,YYCARDMIF,N,File:06262014-Fab-MSMS-1.mzXML Scans:1098 RT:6.3148min Charge:2+ Fragmentation:cid
2,NHVY,1054,1,1,1,1194.6027,1,1193.5968,-0.0014,149,158,27.17,L,VKDYFPEPVT,V,File:06262014-Fab-MSMS-1.mzXML Scans:762 RT:4.4746min Charge:1+ Fragmentation:cid
2,NHVY,1055,1,1,1,597.8057,2,1193.5968,0,149,158,50.98,L,VKDYFPEPVT,V,File:06262014-Fab-MSMS-1.mzXML Scans:752 RT:4.4372min Charge:2+ Fragmentation:cid
2,NHVY,1064,1,1,1,605.7903,2,1209.5667,-0.0006,107,117,46.46,Y,FDVWGQGTTVT,V,File:06262014-Fab-MSMS-1.mzXML Scans:957 RT:5.5121min Charge:2+ Fragmentation:cid
2,NHVY,1090,1,1,1,621.3476,2,1240.6816,-0.0009,166,177,37.94,A,LTSGVHTFPAVL,Q,File:06262014-Fab-MSMS-1.mzXML Scans:930 RT:5.3466min Charge:2+ Fragmentation:cid
2,NHVY,1091,1,1,1,621.3481,2,1240.6816,0.0001,166,177,30.45,A,LTSGVHTFPAVL,Q,File:06262014-Fab-MSMS-1.mzXML Scans:973 RT:5.6032min Charge:2+ Fragmentation:cid
2,NHVY,1097,1,1,1,632.2977,2,1262.5813,-0.0004,83,94,58.94,L,KVTNMDPADTAT,Y,File:06262014-Fab-MSMS-1.mzXML Scans:473 RT:3.1614min Charge:2+ Fragmentation:cid
2,NHVY,1102,1,1,1,638.343,2,1274.6718,-0.0004,188,200,92.71,S,VVTVPSSSLGTQT,Y,File:06262014-Fab-MSMS-1.mzXML Scans:577 RT:3.6465min Charge:2+ Fragmentation:cid
2,NHVY,1103,1,1,1,1275.6808,1,1274.6718,0.0017,188,200,31.24,S,VVTVPSSSLGTQT,Y,File:06262014-Fab-MSMS-1.mzXML Scans:587 RT:3.6815min Charge:1+ Fragmentation:cid
2,NHVY,1106,1,1,1,647.34,2,1292.6653,0.0002,149,159,56.29,L,VKDYFPEPVTV,S,File:06262014-Fab-MSMS-1.mzXML Scans:896 RT:5.1468min Charge:2+ Fragmentation:cid
2,NHVY,1107,1,1,1,648.3643,2,1294.7146,-0.0006,35,46,44.14,M,SVGWIRQPPGKA,L,File:06262014-Fab-MSMS-1.mzXML Scans:636 RT:3.9025min Charge:2+ Fragmentation:cid
2,NHVY,1111,1,1,1,654.3483,2,1306.6809,0.0011,148,158,56.75,C,LVKDYFPEPVT,V,File:06262014-Fab-MSMS-1.mzXML Scans:822 RT:4.7805min Charge:2+ Fragmentation:cid
2,NHVY,1112,1,1,1,656.8667,2,1311.7187,0.0001,165,177,41.72,G,ALTSGVHTFPAVL,Q,File:06262014-Fab-MSMS-1.mzXML Scans:970 RT:5.5921min Charge:2+ Fragmentation:cid
2,NHVY,1121,1,1,1,666.3443,2,1330.6729,0.0012,130,144,31.44,F,PLAPSSKSTSGGTAA,L,File:06262014-Fab-MSMS-1.mzXML Scans:357 RT:2.5689min Charge:2+ Fragmentation:cid
2,NHVY,1137,1,1,1,687.322,2,1372.63,-0.0005,106,117,63.92,F,YFDVWGQGTTVT,V,File:06262014-Fab-MSMS-1.mzXML Scans:1075 RT:6.1671min Charge:2+ Fragmentation:cid
2,NHVY,1138,1,1,1,1373.6381,1,1372.63,0.0008,106,117,32.89,F,YFDVWGQGTTVT,V,File:06262014-Fab-MSMS-1.mzXML Scans:1081 RT:6.2028min Charge:1+ Fragmentation:cid
2,NHVY,1139,1,1,1,690.8568,2,1379.6973,0.0018,149,160,28.03,L,VKDYFPEPVTVS,W,File:06262014-Fab-MSMS-1.mzXML Scans:806 RT:4.6854min Charge:2+ Fragmentation:cid
2,NHVY,1140,1,1,1,692.3828,2,1382.7518,-0.0007,5,17,43.59,L,RESGPALVKPTQT,L,File:06262014-Fab-MSMS-1.mzXML Scans:430 RT:2.9564min Charge:2+ Fragmentation:cid
2,NHVY,1141,1,1,1,461.925,3,1382.7518,0.0014,5,17,29.45,L,RESGPALVKPTQT,L,File:06262014-Fab-MSMS-1.mzXML Scans:444 RT:3.0199min Charge:3+ Fragmentation:cid
2,NHVY,1143,1,1,1,695.3329,2,1388.6507,0.0006,201,212,35.13,T,YICNVNHKPSNT,K,File:06262014-Fab-MSMS-1.mzXML Scans:441 RT:2.9987min Charge:2+ Fragmentation:cid
2,NHVY,1148,1,1,1,470.2737,3,1407.7987,0.0006,35,47,34.38,M,SVGWIRQPPGKAL,E,File:06262014-Fab-MSMS-1.mzXML Scans:731 RT:4.3468min Charge:3+ Fragmentation:cid
2,NHVY,1158,1,1,1,716.903,2,1431.7933,-0.0019,70,82,39.68,L,TISKDTSKNQVVL,K,File:06262014-Fab-MSMS-1.mzXML Scans:572 RT:3.6224min Charge:2+ Fragmentation:cid
2,NHVY,1160,1,1,1,722.8854,2,1443.7569,-0.0007,130,145,78.88,F,PLAPSSKSTSGGTAAL,G,File:06262014-Fab-MSMS-1.mzXML Scans:529 RT:3.4438min Charge:2+ Fragmentation:cid
2,NHVY,1164,1,1,1,484.2776,3,1449.8092,0.0018,36,48,38.99,S,VGWIRQPPGKALE,W,File:06262014-Fab-MSMS-1.mzXML Scans:700 RT:4.1943min Charge:3+ Fragmentation:cid
2,NHVY,1188,1,1,1,513.2883,3,1536.8412,0.0018,35,48,29.24,M,SVGWIRQPPGKALE,W,File:06262014-Fab-MSMS-1.mzXML Scans:703 RT:4.2149min Charge:3+ Fragmentation:cid
2,NHVY,1193,1,1,1,781.8838,2,1561.7525,0.0005,159,173,90.16,T,VSWNSGALTSGVHTF,P,File:06262014-Fab-MSMS-1.mzXML Scans:951 RT:5.4792min Charge:2+ Fragmentation:cid
2,NHVY,1194,1,1,1,783.8949,2,1565.7766,-0.0014,149,161,44.75,L,VKDYFPEPVTVSW,N,File:06262014-Fab-MSMS-1.mzXML Scans:1116 RT:6.4424min Charge:2+ Fragmentation:cid
2,NHVY,1195,1,1,1,785.9144,2,1569.8151,-0.0009,162,177,78,W,NSGALTSGVHTFPAVL,Q,File:06262014-Fab-MSMS-1.mzXML Scans:955 RT:5.5054min Charge:2+ Fragmentation:cid
2,NHVY,1196,1,1,1,785.9149,2,1569.8151,0.0001,162,177,62.87,W,NSGALTSGVHTFPAVL,Q,File:06262014-Fab-MSMS-1.mzXML Scans:1004 RT:5.7726min Charge:2+ Fragmentation:cid
2,NHVY,1201,1,1,1,799.4493,2,1596.8835,0.0005,5,19,22.36,L,RESGPALVKPTQTLT,L,File:06262014-Fab-MSMS-1.mzXML Scans:560 RT:3.5686min Charge:2+ Fragmentation:cid
2,NHVY,1202,1,1,1,533.3025,3,1596.8835,0.0022,5,19,38.54,L,RESGPALVKPTQTLT,L,File:06262014-Fab-MSMS-1.mzXML Scans:545 RT:3.5118min Charge:3+ Fragmentation:cid
2,NHVY,1220,1,1,1,840.4365,2,1678.8607,-0.0022,148,161,59.71,C,LVKDYFPEPVTVSW,N,File:06262014-Fab-MSMS-1.mzXML Scans:1161 RT:6.7153min Charge:2+ Fragmentation:cid
2,NHVY,1223,1,1,1,851.4224,2,1700.8311,-0.0008,53,65,46.35,D,IWWDDKKHYNPSL,K,File:06262014-Fab-MSMS-1.mzXML Scans:847 RT:4.8984min Charge:2+ Fragmentation:cid
2,NHVY,1224,1,1,1,567.9507,3,1700.8311,-0.0008,53,65,23.87,D,IWWDDKKHYNPSL,K,File:06262014-Fab-MSMS-1.mzXML Scans:837 RT:4.8540min Charge:3+ Fragmentation:cid
2,NHVY,1227,1,1,1,859.4441,2,1716.8716,0.002,130,148,69.19,F,PLAPSSKSTSGGTAALGCL,V,File:06262014-Fab-MSMS-1.mzXML Scans:808 RT:4.7046min Charge:2+ Fragmentation:cid
2,NHVY,1230,1,1,1,583.9976,3,1748.9726,-0.0016,36,50,22.88,S,VGWIRQPPGKALEWL,A,File:06262014-Fab-MSMS-1.mzXML Scans:1159 RT:6.7052min Charge:3+ Fragmentation:cid
2,NHVY,1247,1,1,1,613.0079,3,1836.0046,-0.0028,35,50,34.84,M,SVGWIRQPPGKALEWL,A,File:06262014-Fab-MSMS-1.mzXML Scans:1152 RT:6.6535min Charge:3+ Fragmentation:cid
2,NHVY,1248,1,1,1,919.0084,2,1836.0046,-0.0024,35,50,39.5,M,SVGWIRQPPGKALEWL,A,File:06262014-Fab-MSMS-1.mzXML Scans:1160 RT:6.7098min Charge:2+ Fragmentation:cid
2,NHVY,1258,1,1,1,944.4532,2,1886.8951,-0.0033,51,65,45.67,L,ADIWWDDKKHYNPSL,K,File:06262014-Fab-MSMS-1.mzXML Scans:874 RT:5.0355min Charge:2+ Fragmentation:cid
2,NHVY,1259,1,1,1,629.9722,3,1886.8951,-0.0004,51,65,26.22,L,ADIWWDDKKHYNPSL,K,File:06262014-Fab-MSMS-1.mzXML Scans:857 RT:4.9628min Charge:3+ Fragmentation:cid
2,NHVY,1263,1,1,1,972.0035,2,1941.9949,-0.0024,159,177,57.84,T,VSWNSGALTSGVHTFPAVL,Q,File:06262014-Fab-MSMS-1.mzXML Scans:1123 RT:6.4890min Charge:2+ Fragmentation:cid
2,NHVY,1264,1,1,1,972.0041,2,1941.9949,-0.0012,159,177,48.87,T,VSWNSGALTSGVHTFPAVL,Q,File:06262014-Fab-MSMS-1.mzXML Scans:1165 RT:6.7563min Charge:2+ Fragmentation:cid
2,NHVY,1266,1,1,1,649.0404,3,1944.1004,-0.001,66,82,36.86,L,KDRLTISKDTSKNQVVL,K,File:06262014-Fab-MSMS-1.mzXML Scans:574 RT:3.6270min Charge:3+ Fragmentation:cid
2,NHVY,1290,1,1,1,686.0375,3,2055.0935,-0.0028,28,47,27.44,F,SLSTAGMSVGWIRQPPGKAL,E,File:06262014-Fab-MSMS-1.mzXML Scans:918 RT:5.2704min Charge:3+ Fragmentation:cid
2,NHVY,1298,1,1,1,729.0516,3,2184.1361,-0.0031,28,48,33.33,F,SLSTAGMSVGWIRQPPGKALE,W,File:06262014-Fab-MSMS-1.mzXML Scans:899 RT:5.1686min Charge:3+ Fragmentation:cid
2,NHVY,1303,1,1,1,778.0742,3,2331.2045,-0.0038,27,48,39.79,G,FSLSTAGMSVGWIRQPPGKALE,W,File:06262014-Fab-MSMS-1.mzXML Scans:1058 RT:6.0650min Charge:3+ Fragmentation:cid
2,NHVY,1306,1,1,1,828.7726,3,2483.2995,-0.0035,28,50,58.13,F,SLSTAGMSVGWIRQPPGKALEWL,A,File:06262014-Fab-MSMS-1.mzXML Scans:1221 RT:7.1794min Charge:3+ Fragmentation:cid
2,NHVY,1311,1,1,1,864.7878,3,2591.3443,-0.0027,118,145,44.83,T,VSSASTKGPSVFPLAPSSKSTSGGTAAL,G,File:06262014-Fab-MSMS-1.mzXML Scans:760 RT:4.4695min Charge:3+ Fragmentation:cid
2,NHVY,1313,1,1,1,918.1315,3,2751.3749,-0.0023,118,147,29.51,T,VSSASTKGPSVFPLAPSSKSTSGGTAALGC,L,File:06262014-Fab-MSMS-1.mzXML Scans:778 RT:4.5419min Charge:3+ Fragmentation:cid
2,NHVY,1321,1,1,1,955.8271,3,2864.459,0.0005,118,148,54.25,T,VSSASTKGPSVFPLAPSSKSTSGGTAALGCL,V,File:06262014-Fab-MSMS-1.mzXML Scans:953 RT:5.4863min Charge:3+ Fragmentation:cid
2,NHVY,1334,1,1,1,1040.1987,3,3117.5812,-0.0069,149,177,57.55,L,VKDYFPEPVTVSWNSGALTSGVHTFPAVL,Q,File:06262014-Fab-MSMS-1.mzXML Scans:1208 RT:7.0797min Charge:3+ Fragmentation:cid
